{
    "loss": 0.005321119911968708,
    "accuracy": 0.9995982050895691
}